Date,Post_1,Post_2,Post_3
03/25/2025,BTC holding strong at 87K Bull run incoming,Is ETH stuck at 2100 Looks like a tough resistance level,Just saw a new DeFi project launch Might pump ETH
03/26/2025,BTC dipping to 87349 Time to buy the dip,ETH struggling below 2020 Bears in control,Solanas 5 gain today is stealing the show
03/27/2025,BTC recovering to 86937 Bulls are back,ETH up 2 to 2013 Lets break 2100 soon,Binance adding more ETH staking options Good news
03/28/2025,BTC dropping below 87209 Market feels bearish,ETH at 1906 Correction or crash,SEC regulations coming for crypto Not good for BTC
03/29/2025,BTC rebounds to 84412 Volatility is wild,ETH sliding to 1837 Wheres the bottom,Cardanos upgrade sounds promising ADA ETH
03/30/2025,BTC hits 82646 low Scary times for hodlers,ETH stable at 1817 but no volume,New KYC rules in Europe Hope it doesnt tank BTC
03/31/2025,BTC testing 82375 support Hold or sell,ETH at 1831 waiting for a spark,Polygons NFT deal could boost MATIC
04/01/2025,BTC up to 82548 April starting strong,ETH jumps 4 to 1914 DeFi hype is back,Lost 1K in that fake airdrop scam
04/02/2025,BTC climbs to 85166 Bulls are charging,ETH down to 1805 Profit-taking or panic,Ripples SEC win could be huge for XRP
04/03/2025,BTC drops to 82522 85K is tough to crack,ETH at 1826 with high gas fees Annoying,Chainlinks integration with ETH is bullish
04/04/2025,BTC rises to 83160 Looking solid,ETH flat at 1826 Needs a catalyst,Elon tweeting about DOGE again 10 pump
04/05/2025,BTC hits 83868 Sentiment is turning up,ETH dips to 1816 Waiting for news,Avalanches DeFi projects are AVAX mooning
04/06/2025,BTC falls to 83554 84K resistance is real,ETH crashes to 1590 Market sell-off,Crypto mining getting heat for energy use Bad for BTC
04/07/2025,BTC down to 78393 Worst drop in weeks,ETH at 1563 Bear market confirmed,MicroStrategy buying 500M BTC HODL
04/08/2025,BTC recovers to 79164 Still shaky,ETH hits yearly low at 1483,Binance in trouble again Not good for BNB
04/09/2025,BTC at 76314 2025 low Time to panic,ETH rebounds to 1679 Buyers stepping in,Solanas outage is worrying SOL dumping
04/10/2025,BTC up to 82609 after 76K low,ETH dips to 1532 Mixed signals,SEC delaying BTC ETF again Frustrating
04/11/2025,BTC drops to 79609 Volatility is crazy,ETH gains 3 to 1576 Nice recovery,10M DeFi hack Be careful out there
04/12/2025,BTC rebounds to 83415 Bulls fighting back,ETH falls to 1654 Sellers in control,Polygons 100M Web3 fund is huge MATIC
04/13/2025,BTC hits 85294 Recovery mode ON,ETH at 1607 low volume,Cardanos smart contract delays ADA slipping
04/14/2025,BTC dips to 83736 Market cooling off,ETH rises to 1633 with DeFi buzz,New US crypto tax laws for 2025 Ugh
04/15/2025,BTC falls to 84588 85K is tough,ETH up 2 to 1598 Market recovering,Binances new ETH staking program looks good
04/16/2025,BTC drops to 83649 Profit-taking,ETH falls to 1587 Volatility is back,Solanas NFT gaming deal could pump SOL
04/17/2025,BTC stabilizes at 84034 Calmer waters,ETH slightly up to 1592,MicroStrategys CEO is all-in on BTC
04/18/2025,BTC ends week at 84942 Modest gains,ETH stable at 1598 Quiet trading,2B institutional money into crypto Bullish